ESTADO,FATURAMENTO
SP,67.83643
RJ,36.67866
MG,29.22988
ES,27.16558
OUTROS,19.84853
